[
  {
    "name": "Transcorp Hotel",
    "address": "10 Murtala Mohammed Highway, Calabar, Nigeria",
    "phone": "+234-123-456-7890",
    "website": "https://www.transcorphotels.com/calabar",
    "membership": "Gold",
    "image": "transcorphotel.jpg"
  },
  {
    "name": "Marian Resort",
    "address": "25 Marian Road, Calabar, Nigeria",
    "phone": "+234-987-654-3210",
    "website": "https://www.marianresort.com",
    "membership": "Silver",
    "image": "calabarmarianresort.jpg"
  },
  {
    "name": "Seaview Restaurant",
    "address": "Beach Road, Calabar, Nigeria",
    "phone": "+234-555-123-4567",
    "website": "https://www.seaviewcalabar.com",
    "membership": "Bronze",
    "image": "seaviewrestaurant.jpg"
  }
]